"size","n","rho","elpd","data"
0,100,0,-219.371214487227,"train"
0,100,0,-202.867878225269,"test"
1,100,0,-205.936566845456,"train"
1,100,0,-203.561200256279,"test"
2,100,0,-192.487532786218,"train"
2,100,0,-195.283849605201,"test"
3,100,0,-183.662914464396,"train"
3,100,0,-186.785341423591,"test"
4,100,0,-175.650533002867,"train"
4,100,0,-177.496470345269,"test"
5,100,0,-169.134296032741,"train"
5,100,0,-175.098381211084,"test"
6,100,0,-161.928945226024,"train"
6,100,0,-173.09087889921,"test"
7,100,0,-151.256606670985,"train"
7,100,0,-169.538538834552,"test"
8,100,0,-141.988003872993,"train"
8,100,0,-167.968210735729,"test"
9,100,0,-139.363497827134,"train"
9,100,0,-166.69892438018,"test"
10,100,0,-135.510061551082,"train"
10,100,0,-168.647479847812,"test"
11,100,0,-134.533654054295,"train"
11,100,0,-170.193508330755,"test"
12,100,0,-133.606248334407,"train"
12,100,0,-165.171952191405,"test"
13,100,0,-131.216051449637,"train"
13,100,0,-163.623310501109,"test"
14,100,0,-130.805834527167,"train"
14,100,0,-163.395468336497,"test"
15,100,0,-128.834360549259,"train"
15,100,0,-160.523003600771,"test"
16,100,0,-126.994984811781,"train"
16,100,0,-154.824438440066,"test"
17,100,0,-125.481382230201,"train"
17,100,0,-157.790568528944,"test"
18,100,0,-125.094804729949,"train"
18,100,0,-159.67606371375,"test"
19,100,0,-124.888697158368,"train"
19,100,0,-158.772261074148,"test"
20,100,0,-124.37494291919,"train"
20,100,0,-158.543303698715,"test"
21,100,0,-123.23001963022,"train"
21,100,0,-158.638454253138,"test"
22,100,0,-121.963480694618,"train"
22,100,0,-161.003051447711,"test"
23,100,0,-121.079405036121,"train"
23,100,0,-162.894558566328,"test"
24,100,0,-121.291706282925,"train"
24,100,0,-162.632898309957,"test"
25,100,0,-119.383325220647,"train"
25,100,0,-165.481882861247,"test"
26,100,0,-118.94581097606,"train"
26,100,0,-167.389132512603,"test"
27,100,0,-118.833738273808,"train"
27,100,0,-167.681250436482,"test"
28,100,0,-117.976896981144,"train"
28,100,0,-166.27224273824,"test"
29,100,0,-117.92086641272,"train"
29,100,0,-165.73313999561,"test"
30,100,0,-117.87729294879,"train"
30,100,0,-165.459678424233,"test"
31,100,0,-118.139740139749,"train"
31,100,0,-164.722765945753,"test"
32,100,0,-117.890416225902,"train"
32,100,0,-166.134183675937,"test"
33,100,0,-118.525989717602,"train"
33,100,0,-165.667081342866,"test"
34,100,0,-118.587530399564,"train"
34,100,0,-166.707353601873,"test"
35,100,0,-118.494984858622,"train"
35,100,0,-167.095264535937,"test"
36,100,0,-118.49025764204,"train"
36,100,0,-169.092386337574,"test"
37,100,0,-118.692890390334,"train"
37,100,0,-169.944362093809,"test"
38,100,0,-118.417566060517,"train"
38,100,0,-170.62174760299,"test"
39,100,0,-117.839570429387,"train"
39,100,0,-170.975546470803,"test"
40,100,0,-118.38407859611,"train"
40,100,0,-170.096810089203,"test"
41,100,0,-118.79635147535,"train"
41,100,0,-170.601509705383,"test"
42,100,0,-118.882110293049,"train"
42,100,0,-171.184377126397,"test"
43,100,0,-119.185877424403,"train"
43,100,0,-170.873358242133,"test"
44,100,0,-118.752869516923,"train"
44,100,0,-169.453252928763,"test"
45,100,0,-118.835277136612,"train"
45,100,0,-169.681350784707,"test"
46,100,0,-119.208479674494,"train"
46,100,0,-169.527599430248,"test"
47,100,0,-119.013485464251,"train"
47,100,0,-169.64120394165,"test"
48,100,0,-119.594793390619,"train"
48,100,0,-169.979914957811,"test"
49,100,0,-119.809906501175,"train"
49,100,0,-169.679719977808,"test"
50,100,0,-120.255291380559,"train"
50,100,0,-169.247046493404,"test"
51,100,0,-120.709348314322,"train"
51,100,0,-169.323915500167,"test"
52,100,0,-120.186637715935,"train"
52,100,0,-169.480103272485,"test"
53,100,0,-120.716664090334,"train"
53,100,0,-169.412839671709,"test"
54,100,0,-120.862386126445,"train"
54,100,0,-169.401082002912,"test"
55,100,0,-121.730284610068,"train"
55,100,0,-169.552351167112,"test"
56,100,0,-122.421982916353,"train"
56,100,0,-169.385897302503,"test"
57,100,0,-122.567425988744,"train"
57,100,0,-168.925043660027,"test"
58,100,0,-122.456198039366,"train"
58,100,0,-168.354119764901,"test"
59,100,0,-122.06742246414,"train"
59,100,0,-168.242111548234,"test"
60,100,0,-122.447212290136,"train"
60,100,0,-167.987864283351,"test"
61,100,0,-122.878667328243,"train"
61,100,0,-168.406451987943,"test"
62,100,0,-122.891771537824,"train"
62,100,0,-167.477997703095,"test"
63,100,0,-123.189050851318,"train"
63,100,0,-167.900147391607,"test"
64,100,0,-123.568967865655,"train"
64,100,0,-166.857698313248,"test"
65,100,0,-123.385338396183,"train"
65,100,0,-167.662860167854,"test"
66,100,0,-123.695635542538,"train"
66,100,0,-167.427139651727,"test"
67,100,0,-123.120727976092,"train"
67,100,0,-167.962493525262,"test"
68,100,0,-124.021149587775,"train"
68,100,0,-168.003566726643,"test"
69,100,0,-124.151497125218,"train"
69,100,0,-167.470415433342,"test"
70,100,0,-124.109040060902,"train"
70,100,0,-167.362193301613,"test"
71,100,0,-124.150809639716,"train"
71,100,0,-167.010685070967,"test"
72,100,0,-124.708094441324,"train"
72,100,0,-167.30764962941,"test"
73,100,0,-124.670912682226,"train"
73,100,0,-167.241718061575,"test"
74,100,0,-125.272890656897,"train"
74,100,0,-167.362549620235,"test"
75,100,0,-126.171965676684,"train"
75,100,0,-167.710928342406,"test"
76,100,0,-126.353256712636,"train"
76,100,0,-167.223654627373,"test"
77,100,0,-126.220543410385,"train"
77,100,0,-167.404184091469,"test"
78,100,0,-126.663067025433,"train"
78,100,0,-167.729042621543,"test"
79,100,0,-127.621613223527,"train"
79,100,0,-167.636319122672,"test"
80,100,0,-127.902708553948,"train"
80,100,0,-167.331837515947,"test"
81,100,0,-128.038728121987,"train"
81,100,0,-167.533644092315,"test"
82,100,0,-127.836203659069,"train"
82,100,0,-167.131037527344,"test"
83,100,0,-128.252072785916,"train"
83,100,0,-166.977023749084,"test"
84,100,0,-128.731009392736,"train"
84,100,0,-167.007257542526,"test"
85,100,0,-129.305125780664,"train"
85,100,0,-167.144698438615,"test"
86,100,0,-130.015449279068,"train"
86,100,0,-167.192759368072,"test"
87,100,0,-130.147983074369,"train"
87,100,0,-167.179251214617,"test"
88,100,0,-130.980124759418,"train"
88,100,0,-167.054130965274,"test"
89,100,0,-131.103063888625,"train"
89,100,0,-167.26989279736,"test"
90,100,0,-130.903570828401,"train"
90,100,0,-167.402032690164,"test"
91,100,0,-131.432510535318,"train"
91,100,0,-166.972959244252,"test"
92,100,0,-131.732341300626,"train"
92,100,0,-167.147491115594,"test"
93,100,0,-132.583861344352,"train"
93,100,0,-167.402337445987,"test"
94,100,0,-132.935673906707,"train"
94,100,0,-167.391290958325,"test"
95,100,0,-133.340096928274,"train"
95,100,0,-167.531715483735,"test"
96,100,0,-133.199294409429,"train"
96,100,0,-167.750166923988,"test"
97,100,0,-133.781439921608,"train"
97,100,0,-167.779190136209,"test"
98,100,0,-134.218585503872,"train"
98,100,0,-167.633579314621,"test"
99,100,0,-134.477526549097,"train"
99,100,0,-167.721961010197,"test"
100,100,0,-134.973883253443,"train"
100,100,0,-167.995987505032,"test"
0,100,0.5,-196.687568430102,"train"
0,100,0.5,-207.914542909868,"test"
1,100,0.5,-174.448747289912,"train"
1,100,0.5,-178.161349699292,"test"
2,100,0.5,-163.874589829316,"train"
2,100,0.5,-179.010895885885,"test"
3,100,0.5,-154.610059941854,"train"
3,100,0.5,-172.824532904724,"test"
4,100,0.5,-152.074067622158,"train"
4,100,0.5,-169.28754228162,"test"
5,100,0.5,-151.08643147077,"train"
5,100,0.5,-168.734646310561,"test"
6,100,0.5,-147.261202697761,"train"
6,100,0.5,-168.588902513241,"test"
7,100,0.5,-145.43152446721,"train"
7,100,0.5,-164.298470324507,"test"
8,100,0.5,-143.235200541557,"train"
8,100,0.5,-158.457877398386,"test"
9,100,0.5,-141.467050498428,"train"
9,100,0.5,-154.688794896818,"test"
10,100,0.5,-140.200680809664,"train"
10,100,0.5,-156.848630757285,"test"
11,100,0.5,-138.846509857366,"train"
11,100,0.5,-156.544450958488,"test"
12,100,0.5,-138.394055366057,"train"
12,100,0.5,-156.377074776174,"test"
13,100,0.5,-136.341714836189,"train"
13,100,0.5,-160.432439594844,"test"
14,100,0.5,-135.347959740747,"train"
14,100,0.5,-162.632182750695,"test"
15,100,0.5,-134.037253353731,"train"
15,100,0.5,-163.779217904746,"test"
16,100,0.5,-133.146437054164,"train"
16,100,0.5,-163.71761096513,"test"
17,100,0.5,-131.030195473294,"train"
17,100,0.5,-165.379872035222,"test"
18,100,0.5,-130.051952022538,"train"
18,100,0.5,-163.300801029502,"test"
19,100,0.5,-127.618714545865,"train"
19,100,0.5,-161.711142964227,"test"
20,100,0.5,-127.076979767573,"train"
20,100,0.5,-162.847262507157,"test"
21,100,0.5,-127.54159349397,"train"
21,100,0.5,-161.859208093337,"test"
22,100,0.5,-127.061614877444,"train"
22,100,0.5,-162.221164608892,"test"
23,100,0.5,-127.085703175733,"train"
23,100,0.5,-162.22458461719,"test"
24,100,0.5,-126.448638252897,"train"
24,100,0.5,-160.308923282553,"test"
25,100,0.5,-126.438134977056,"train"
25,100,0.5,-158.196406268535,"test"
26,100,0.5,-126.479283009538,"train"
26,100,0.5,-158.628800071093,"test"
27,100,0.5,-126.20243202966,"train"
27,100,0.5,-158.508091336559,"test"
28,100,0.5,-126.253392879412,"train"
28,100,0.5,-157.276937535263,"test"
29,100,0.5,-126.495610596992,"train"
29,100,0.5,-157.161487842336,"test"
30,100,0.5,-126.907356523014,"train"
30,100,0.5,-155.821754403826,"test"
31,100,0.5,-126.740691914059,"train"
31,100,0.5,-156.523051694391,"test"
32,100,0.5,-126.464803082146,"train"
32,100,0.5,-157.078588162136,"test"
33,100,0.5,-125.438584680682,"train"
33,100,0.5,-158.41851185315,"test"
34,100,0.5,-125.088495209961,"train"
34,100,0.5,-158.498272301521,"test"
35,100,0.5,-125.23120968291,"train"
35,100,0.5,-158.118463829295,"test"
36,100,0.5,-124.626212515032,"train"
36,100,0.5,-158.775094028582,"test"
37,100,0.5,-123.942940912705,"train"
37,100,0.5,-159.283099658569,"test"
38,100,0.5,-123.745274477375,"train"
38,100,0.5,-158.824161884498,"test"
39,100,0.5,-123.455962674419,"train"
39,100,0.5,-158.29426921475,"test"
40,100,0.5,-123.564793079294,"train"
40,100,0.5,-158.859517919809,"test"
41,100,0.5,-123.47761318753,"train"
41,100,0.5,-158.576465424606,"test"
42,100,0.5,-122.923999877239,"train"
42,100,0.5,-159.168098636537,"test"
43,100,0.5,-123.175223466844,"train"
43,100,0.5,-159.670300777188,"test"
44,100,0.5,-123.569494464515,"train"
44,100,0.5,-159.449526862652,"test"
45,100,0.5,-123.485518348206,"train"
45,100,0.5,-160.06227949465,"test"
46,100,0.5,-123.809738179067,"train"
46,100,0.5,-159.996700192161,"test"
47,100,0.5,-123.390472007488,"train"
47,100,0.5,-160.450921308436,"test"
48,100,0.5,-123.520033459672,"train"
48,100,0.5,-160.165584958762,"test"
49,100,0.5,-123.952576480267,"train"
49,100,0.5,-160.00007129951,"test"
50,100,0.5,-124.138010335575,"train"
50,100,0.5,-160.535151173322,"test"
51,100,0.5,-124.155327890439,"train"
51,100,0.5,-160.382020110326,"test"
52,100,0.5,-124.478528687047,"train"
52,100,0.5,-160.330925253743,"test"
53,100,0.5,-124.46375447103,"train"
53,100,0.5,-160.575036836102,"test"
54,100,0.5,-124.399104366229,"train"
54,100,0.5,-161.146582504624,"test"
55,100,0.5,-124.764629892576,"train"
55,100,0.5,-160.562356986649,"test"
56,100,0.5,-125.071225019523,"train"
56,100,0.5,-161.101892451147,"test"
57,100,0.5,-125.340876559456,"train"
57,100,0.5,-160.999912906352,"test"
58,100,0.5,-125.29514459618,"train"
58,100,0.5,-160.709143766196,"test"
59,100,0.5,-126.008669078749,"train"
59,100,0.5,-160.677606734225,"test"
60,100,0.5,-126.091252920163,"train"
60,100,0.5,-160.571622818671,"test"
61,100,0.5,-126.10940611499,"train"
61,100,0.5,-160.63253114631,"test"
62,100,0.5,-126.258672034378,"train"
62,100,0.5,-160.928481549985,"test"
63,100,0.5,-126.353825235002,"train"
63,100,0.5,-160.593363571865,"test"
64,100,0.5,-126.831568329033,"train"
64,100,0.5,-160.38649615893,"test"
65,100,0.5,-126.927480048301,"train"
65,100,0.5,-160.225529332239,"test"
66,100,0.5,-127.155242585683,"train"
66,100,0.5,-159.944362699059,"test"
67,100,0.5,-127.123632948337,"train"
67,100,0.5,-159.740705383747,"test"
68,100,0.5,-127.223343769134,"train"
68,100,0.5,-159.711937905491,"test"
69,100,0.5,-127.936154154774,"train"
69,100,0.5,-159.740872190857,"test"
70,100,0.5,-127.577721400699,"train"
70,100,0.5,-159.647832115738,"test"
71,100,0.5,-128.040721194774,"train"
71,100,0.5,-160.458227514908,"test"
72,100,0.5,-128.350202985007,"train"
72,100,0.5,-160.493114425205,"test"
73,100,0.5,-128.652349571978,"train"
73,100,0.5,-160.633194870766,"test"
74,100,0.5,-128.710628659012,"train"
74,100,0.5,-160.598268355513,"test"
75,100,0.5,-129.034487694679,"train"
75,100,0.5,-160.996651655296,"test"
76,100,0.5,-129.399851531162,"train"
76,100,0.5,-160.78019408074,"test"
77,100,0.5,-129.482363097846,"train"
77,100,0.5,-160.427253290932,"test"
78,100,0.5,-129.716054963245,"train"
78,100,0.5,-160.119282336973,"test"
79,100,0.5,-129.73108087692,"train"
79,100,0.5,-160.185309809124,"test"
80,100,0.5,-129.852573222773,"train"
80,100,0.5,-160.220945404216,"test"
81,100,0.5,-130.358178918153,"train"
81,100,0.5,-160.127462645612,"test"
82,100,0.5,-130.604260508582,"train"
82,100,0.5,-159.901252069921,"test"
83,100,0.5,-130.659933905391,"train"
83,100,0.5,-159.729004599484,"test"
84,100,0.5,-130.9348153176,"train"
84,100,0.5,-159.776940320104,"test"
85,100,0.5,-131.07142084304,"train"
85,100,0.5,-160.295174358831,"test"
86,100,0.5,-131.530983501146,"train"
86,100,0.5,-160.152530908073,"test"
87,100,0.5,-131.583674361868,"train"
87,100,0.5,-160.081002945388,"test"
88,100,0.5,-131.58551388066,"train"
88,100,0.5,-160.127605633314,"test"
89,100,0.5,-131.947567742022,"train"
89,100,0.5,-160.1434735373,"test"
90,100,0.5,-132.226367303996,"train"
90,100,0.5,-160.097466733209,"test"
91,100,0.5,-132.484857823269,"train"
91,100,0.5,-160.166089940097,"test"
92,100,0.5,-132.372559431943,"train"
92,100,0.5,-160.431142488489,"test"
93,100,0.5,-132.633465686607,"train"
93,100,0.5,-160.327149771293,"test"
94,100,0.5,-132.778918666398,"train"
94,100,0.5,-160.737665865085,"test"
95,100,0.5,-132.984709838008,"train"
95,100,0.5,-160.668683022946,"test"
96,100,0.5,-132.862162039599,"train"
96,100,0.5,-160.680109578751,"test"
97,100,0.5,-132.882623835505,"train"
97,100,0.5,-160.856568739792,"test"
98,100,0.5,-133.138119455071,"train"
98,100,0.5,-161.196343418324,"test"
99,100,0.5,-133.257590790175,"train"
99,100,0.5,-161.097408551729,"test"
100,100,0.5,-133.671096897578,"train"
100,100,0.5,-161.108906468632,"test"
0,100,0.9,-212.393413026286,"train"
0,100,0.9,-203.148898730816,"test"
1,100,0.9,-167.214413871599,"train"
1,100,0.9,-169.371809751141,"test"
2,100,0.9,-155.587147847209,"train"
2,100,0.9,-149.9432425071,"test"
3,100,0.9,-148.690323362166,"train"
3,100,0.9,-146.192575889074,"test"
4,100,0.9,-142.74069420456,"train"
4,100,0.9,-140.628522809411,"test"
5,100,0.9,-140.984134055735,"train"
5,100,0.9,-141.685592320475,"test"
6,100,0.9,-139.974164649189,"train"
6,100,0.9,-141.504500999424,"test"
7,100,0.9,-138.799652917828,"train"
7,100,0.9,-140.925382606623,"test"
8,100,0.9,-137.92347375071,"train"
8,100,0.9,-141.541285945012,"test"
9,100,0.9,-137.4344170097,"train"
9,100,0.9,-141.41911699234,"test"
10,100,0.9,-136.593080184926,"train"
10,100,0.9,-141.801747001471,"test"
11,100,0.9,-136.425692022123,"train"
11,100,0.9,-141.676823155466,"test"
12,100,0.9,-136.405478121317,"train"
12,100,0.9,-142.263795792316,"test"
13,100,0.9,-136.401261285711,"train"
13,100,0.9,-142.403474828217,"test"
14,100,0.9,-136.403045747411,"train"
14,100,0.9,-142.401258578489,"test"
15,100,0.9,-133.865731396973,"train"
15,100,0.9,-142.691443059525,"test"
16,100,0.9,-133.873453075399,"train"
16,100,0.9,-142.860114464187,"test"
17,100,0.9,-133.907942550165,"train"
17,100,0.9,-142.044535056741,"test"
18,100,0.9,-133.263209090845,"train"
18,100,0.9,-142.347206072133,"test"
19,100,0.9,-133.282282894023,"train"
19,100,0.9,-142.724068544361,"test"
20,100,0.9,-133.366005654701,"train"
20,100,0.9,-142.739250844239,"test"
21,100,0.9,-133.390553382221,"train"
21,100,0.9,-142.968364243748,"test"
22,100,0.9,-133.678222561533,"train"
22,100,0.9,-143.079243835038,"test"
23,100,0.9,-133.786452164688,"train"
23,100,0.9,-142.882602943042,"test"
24,100,0.9,-133.499619291174,"train"
24,100,0.9,-143.29404979617,"test"
25,100,0.9,-133.674201861188,"train"
25,100,0.9,-143.348918005547,"test"
26,100,0.9,-133.917761272996,"train"
26,100,0.9,-143.435348891878,"test"
27,100,0.9,-133.675767916268,"train"
27,100,0.9,-143.787036438677,"test"
28,100,0.9,-133.882389996441,"train"
28,100,0.9,-144.032390525129,"test"
29,100,0.9,-133.771673281136,"train"
29,100,0.9,-143.801236486947,"test"
30,100,0.9,-133.993242362032,"train"
30,100,0.9,-143.711812031032,"test"
31,100,0.9,-133.871014737047,"train"
31,100,0.9,-143.988018723451,"test"
32,100,0.9,-133.531085706697,"train"
32,100,0.9,-143.657210675396,"test"
33,100,0.9,-133.396586478112,"train"
33,100,0.9,-143.831906908856,"test"
34,100,0.9,-133.253134667939,"train"
34,100,0.9,-143.782739361503,"test"
35,100,0.9,-133.55443494526,"train"
35,100,0.9,-143.976721461877,"test"
36,100,0.9,-133.521303098917,"train"
36,100,0.9,-144.315257143711,"test"
37,100,0.9,-133.727461218847,"train"
37,100,0.9,-144.282488669754,"test"
38,100,0.9,-133.42500016312,"train"
38,100,0.9,-144.119276352207,"test"
39,100,0.9,-133.191429297376,"train"
39,100,0.9,-144.154451960636,"test"
40,100,0.9,-133.203312044523,"train"
40,100,0.9,-144.007586705395,"test"
41,100,0.9,-133.125605672753,"train"
41,100,0.9,-143.871916048456,"test"
42,100,0.9,-133.150752535867,"train"
42,100,0.9,-144.333842121936,"test"
43,100,0.9,-133.355346203384,"train"
43,100,0.9,-144.197698298934,"test"
44,100,0.9,-133.328087342819,"train"
44,100,0.9,-144.203581387754,"test"
45,100,0.9,-133.335236496281,"train"
45,100,0.9,-144.235858266826,"test"
46,100,0.9,-133.441546867423,"train"
46,100,0.9,-144.310966864121,"test"
47,100,0.9,-133.686371644248,"train"
47,100,0.9,-144.282889031548,"test"
48,100,0.9,-133.829489167894,"train"
48,100,0.9,-144.313384466683,"test"
49,100,0.9,-133.966512226572,"train"
49,100,0.9,-144.311180303007,"test"
50,100,0.9,-133.771501674121,"train"
50,100,0.9,-144.190547464597,"test"
51,100,0.9,-133.886549323742,"train"
51,100,0.9,-144.210456068811,"test"
52,100,0.9,-133.724477710607,"train"
52,100,0.9,-144.396839011974,"test"
53,100,0.9,-133.079036845246,"train"
53,100,0.9,-144.12914187527,"test"
54,100,0.9,-133.180813527236,"train"
54,100,0.9,-144.358475316583,"test"
55,100,0.9,-133.208325855052,"train"
55,100,0.9,-144.253177488113,"test"
56,100,0.9,-133.419989043147,"train"
56,100,0.9,-144.327167911072,"test"
57,100,0.9,-133.471113414243,"train"
57,100,0.9,-144.258884839277,"test"
58,100,0.9,-133.619571296905,"train"
58,100,0.9,-144.373388210446,"test"
59,100,0.9,-133.842638640942,"train"
59,100,0.9,-144.399765607421,"test"
60,100,0.9,-133.793856198482,"train"
60,100,0.9,-144.37034444056,"test"
61,100,0.9,-133.978095364892,"train"
61,100,0.9,-144.524621863611,"test"
62,100,0.9,-134.083276124109,"train"
62,100,0.9,-144.654161078943,"test"
63,100,0.9,-134.098408820094,"train"
63,100,0.9,-144.497363096596,"test"
64,100,0.9,-134.319889378622,"train"
64,100,0.9,-144.613637794514,"test"
65,100,0.9,-134.33089905413,"train"
65,100,0.9,-144.605404835531,"test"
66,100,0.9,-134.538455565324,"train"
66,100,0.9,-144.616468041309,"test"
67,100,0.9,-134.581411940055,"train"
67,100,0.9,-144.779905419127,"test"
68,100,0.9,-134.668694350339,"train"
68,100,0.9,-144.876773671958,"test"
69,100,0.9,-134.658798031322,"train"
69,100,0.9,-144.854667169184,"test"
70,100,0.9,-134.776780551212,"train"
70,100,0.9,-144.832463458762,"test"
71,100,0.9,-135.095720487155,"train"
71,100,0.9,-145.09184590997,"test"
72,100,0.9,-135.050647349761,"train"
72,100,0.9,-145.195407623514,"test"
73,100,0.9,-135.007776503304,"train"
73,100,0.9,-145.091961110261,"test"
74,100,0.9,-135.216184313768,"train"
74,100,0.9,-145.217097857931,"test"
75,100,0.9,-135.168685744184,"train"
75,100,0.9,-145.189751498653,"test"
76,100,0.9,-135.248585428152,"train"
76,100,0.9,-145.19428387484,"test"
77,100,0.9,-135.324254784067,"train"
77,100,0.9,-145.223997080731,"test"
78,100,0.9,-135.641457418546,"train"
78,100,0.9,-145.357094073695,"test"
79,100,0.9,-135.380874127181,"train"
79,100,0.9,-145.33688404113,"test"
80,100,0.9,-135.408562127089,"train"
80,100,0.9,-145.488641186884,"test"
81,100,0.9,-135.434769219364,"train"
81,100,0.9,-145.449684452082,"test"
82,100,0.9,-135.63285631801,"train"
82,100,0.9,-145.670410992581,"test"
83,100,0.9,-135.619813725581,"train"
83,100,0.9,-145.697962406714,"test"
84,100,0.9,-135.814494591214,"train"
84,100,0.9,-145.783314442763,"test"
85,100,0.9,-135.822472159676,"train"
85,100,0.9,-145.736857877231,"test"
86,100,0.9,-135.861814534985,"train"
86,100,0.9,-145.741138327383,"test"
87,100,0.9,-135.908238674162,"train"
87,100,0.9,-145.739473992612,"test"
88,100,0.9,-135.945052972912,"train"
88,100,0.9,-145.793072640541,"test"
89,100,0.9,-136.194080367507,"train"
89,100,0.9,-145.903412995344,"test"
90,100,0.9,-136.358600334952,"train"
90,100,0.9,-145.863111873187,"test"
91,100,0.9,-136.374146829386,"train"
91,100,0.9,-146.13396557664,"test"
92,100,0.9,-136.293986613933,"train"
92,100,0.9,-146.042922685616,"test"
93,100,0.9,-136.505130768308,"train"
93,100,0.9,-146.041584308968,"test"
94,100,0.9,-136.355274910314,"train"
94,100,0.9,-146.101706121877,"test"
95,100,0.9,-136.547555620167,"train"
95,100,0.9,-146.326752648459,"test"
96,100,0.9,-136.767797719658,"train"
96,100,0.9,-146.584153204673,"test"
97,100,0.9,-136.610060692379,"train"
97,100,0.9,-146.389002852195,"test"
98,100,0.9,-136.747538159863,"train"
98,100,0.9,-146.477073439217,"test"
99,100,0.9,-136.796906443772,"train"
99,100,0.9,-146.442488271555,"test"
100,100,0.9,-136.988410231802,"train"
100,100,0.9,-146.633991886359,"test"
0,200,0,-407.332596621171,"train"
0,200,0,-396.289718587747,"test"
1,200,0,-391.889208464247,"train"
1,200,0,-386.582342384044,"test"
2,200,0,-376.089580774756,"train"
2,200,0,-381.36143687588,"test"
3,200,0,-356.103551643781,"train"
3,200,0,-378.21477742084,"test"
4,200,0,-341.801557439428,"train"
4,200,0,-351.390148592472,"test"
5,200,0,-325.190134418831,"train"
5,200,0,-330.903144384569,"test"
6,200,0,-318.957424250512,"train"
6,200,0,-331.668129722186,"test"
7,200,0,-311.798569385464,"train"
7,200,0,-324.088672690967,"test"
8,200,0,-307.37978953393,"train"
8,200,0,-326.745368838517,"test"
9,200,0,-302.469567413293,"train"
9,200,0,-324.930540808981,"test"
10,200,0,-297.474762133931,"train"
10,200,0,-317.282518975526,"test"
11,200,0,-293.567051935266,"train"
11,200,0,-315.05421788871,"test"
12,200,0,-290.385415724774,"train"
12,200,0,-307.961073861417,"test"
13,200,0,-288.083748843652,"train"
13,200,0,-310.808266561265,"test"
14,200,0,-285.818217952398,"train"
14,200,0,-308.200770591473,"test"
15,200,0,-284.069160144306,"train"
15,200,0,-309.971174423112,"test"
16,200,0,-282.927942656268,"train"
16,200,0,-312.640058482779,"test"
17,200,0,-281.770228791711,"train"
17,200,0,-312.668518945312,"test"
18,200,0,-279.677462427858,"train"
18,200,0,-307.898846921584,"test"
19,200,0,-279.449035794508,"train"
19,200,0,-307.243800269394,"test"
20,200,0,-278.834980498502,"train"
20,200,0,-307.744924983792,"test"
21,200,0,-277.189027964257,"train"
21,200,0,-306.87371237911,"test"
22,200,0,-276.436794586572,"train"
22,200,0,-308.310017068428,"test"
23,200,0,-274.975921431873,"train"
23,200,0,-308.8669314724,"test"
24,200,0,-273.253363589797,"train"
24,200,0,-305.945881076045,"test"
25,200,0,-271.660751479544,"train"
25,200,0,-307.192090224295,"test"
26,200,0,-270.601431165161,"train"
26,200,0,-308.540497091949,"test"
27,200,0,-270.327153260793,"train"
27,200,0,-309.375610965822,"test"
28,200,0,-269.3772117644,"train"
28,200,0,-311.386514313228,"test"
29,200,0,-268.339651021226,"train"
29,200,0,-310.945703600735,"test"
30,200,0,-267.427146261229,"train"
30,200,0,-311.55108451052,"test"
31,200,0,-266.336240818332,"train"
31,200,0,-313.855279396516,"test"
32,200,0,-265.206880332184,"train"
32,200,0,-312.682653234234,"test"
33,200,0,-264.751478074217,"train"
33,200,0,-313.004718112914,"test"
34,200,0,-263.398397717527,"train"
34,200,0,-314.847353317418,"test"
35,200,0,-262.999466721114,"train"
35,200,0,-315.334439559906,"test"
36,200,0,-263.193378444839,"train"
36,200,0,-315.013950698658,"test"
37,200,0,-262.118340185193,"train"
37,200,0,-313.892493963615,"test"
38,200,0,-260.64636485586,"train"
38,200,0,-317.016326099555,"test"
39,200,0,-260.326584990666,"train"
39,200,0,-317.149954623204,"test"
40,200,0,-260.226086047743,"train"
40,200,0,-317.000532195815,"test"
41,200,0,-259.000065275197,"train"
41,200,0,-317.644747476703,"test"
42,200,0,-258.590506300392,"train"
42,200,0,-316.662600557191,"test"
43,200,0,-258.0368999646,"train"
43,200,0,-316.907342424621,"test"
44,200,0,-258.226648354786,"train"
44,200,0,-317.21494800311,"test"
45,200,0,-257.608456913698,"train"
45,200,0,-317.137684452079,"test"
46,200,0,-258.035801574307,"train"
46,200,0,-317.217015602535,"test"
47,200,0,-257.421160074085,"train"
47,200,0,-317.32245809478,"test"
48,200,0,-257.205657731607,"train"
48,200,0,-317.216717441552,"test"
49,200,0,-256.735212818136,"train"
49,200,0,-316.481196204268,"test"
50,200,0,-256.268413037794,"train"
50,200,0,-317.815487753916,"test"
51,200,0,-255.911985410491,"train"
51,200,0,-318.970796705439,"test"
52,200,0,-256.069265477873,"train"
52,200,0,-317.974853097639,"test"
53,200,0,-255.826612685148,"train"
53,200,0,-319.362213998302,"test"
54,200,0,-255.586807310337,"train"
54,200,0,-319.866297911674,"test"
55,200,0,-255.419254368624,"train"
55,200,0,-319.57092474114,"test"
56,200,0,-255.043094868124,"train"
56,200,0,-319.193653902897,"test"
57,200,0,-255.198688781956,"train"
57,200,0,-318.542318513773,"test"
58,200,0,-255.511707739501,"train"
58,200,0,-319.689846508459,"test"
59,200,0,-255.224887944264,"train"
59,200,0,-320.051869133384,"test"
60,200,0,-255.273741513783,"train"
60,200,0,-319.990672276383,"test"
61,200,0,-255.899465929934,"train"
61,200,0,-319.584910538424,"test"
62,200,0,-256.106850304803,"train"
62,200,0,-319.994570725844,"test"
63,200,0,-256.813158398372,"train"
63,200,0,-319.889235976388,"test"
64,200,0,-256.992513343103,"train"
64,200,0,-320.151180281125,"test"
65,200,0,-257.630274418344,"train"
65,200,0,-320.52395441911,"test"
66,200,0,-257.288735119631,"train"
66,200,0,-320.790057957629,"test"
67,200,0,-257.622228044767,"train"
67,200,0,-321.451562770328,"test"
68,200,0,-257.715470930718,"train"
68,200,0,-321.598016448212,"test"
69,200,0,-258.151959234472,"train"
69,200,0,-320.990003047055,"test"
70,200,0,-258.356325379619,"train"
70,200,0,-320.425673942601,"test"
71,200,0,-258.937816498956,"train"
71,200,0,-320.566226907934,"test"
72,200,0,-259.232527972428,"train"
72,200,0,-320.099049112389,"test"
73,200,0,-259.263874732741,"train"
73,200,0,-320.156679315105,"test"
74,200,0,-259.561520876861,"train"
74,200,0,-320.307063433403,"test"
75,200,0,-259.945359531874,"train"
75,200,0,-319.704815638132,"test"
76,200,0,-260.607722105069,"train"
76,200,0,-319.67234219504,"test"
77,200,0,-260.741131933296,"train"
77,200,0,-319.228828242665,"test"
78,200,0,-261.378687854482,"train"
78,200,0,-319.147935223112,"test"
79,200,0,-261.3365695059,"train"
79,200,0,-318.90873710808,"test"
80,200,0,-261.572099228905,"train"
80,200,0,-318.377635934372,"test"
81,200,0,-261.997959996599,"train"
81,200,0,-318.406145142595,"test"
82,200,0,-262.257610746002,"train"
82,200,0,-318.397587451,"test"
83,200,0,-262.717713859865,"train"
83,200,0,-318.899185841479,"test"
84,200,0,-262.827237890067,"train"
84,200,0,-318.411200060607,"test"
85,200,0,-263.172379167818,"train"
85,200,0,-318.368533910267,"test"
86,200,0,-263.217856242287,"train"
86,200,0,-318.608454621015,"test"
87,200,0,-263.478493106705,"train"
87,200,0,-318.29418074132,"test"
88,200,0,-264.277419107969,"train"
88,200,0,-318.568471930566,"test"
89,200,0,-264.321763255231,"train"
89,200,0,-317.905548864679,"test"
90,200,0,-264.975853133074,"train"
90,200,0,-318.094287755441,"test"
91,200,0,-265.302222241328,"train"
91,200,0,-318.095938696242,"test"
92,200,0,-265.358568249538,"train"
92,200,0,-317.752862831491,"test"
93,200,0,-265.942042004563,"train"
93,200,0,-317.837277227161,"test"
94,200,0,-266.464482078372,"train"
94,200,0,-317.543902309544,"test"
95,200,0,-266.493375110754,"train"
95,200,0,-317.498900888084,"test"
96,200,0,-266.858030174813,"train"
96,200,0,-317.546514452346,"test"
97,200,0,-267.307921043259,"train"
97,200,0,-317.700119165948,"test"
98,200,0,-267.574790687963,"train"
98,200,0,-317.919543547097,"test"
99,200,0,-268.165850128503,"train"
99,200,0,-317.869325910812,"test"
100,200,0,-268.233849770676,"train"
100,200,0,-318.19397414972,"test"
0,200,0.5,-401.281022300109,"train"
0,200,0.5,-395.375052199519,"test"
1,200,0.5,-354.3050434067,"train"
1,200,0.5,-351.517730573917,"test"
2,200,0.5,-337.923688242919,"train"
2,200,0.5,-336.634989511609,"test"
3,200,0.5,-322.133524057915,"train"
3,200,0.5,-322.62225031866,"test"
4,200,0.5,-312.168877987742,"train"
4,200,0.5,-309.203716190855,"test"
5,200,0.5,-303.331803052403,"train"
5,200,0.5,-303.802399169559,"test"
6,200,0.5,-296.621334076496,"train"
6,200,0.5,-310.711140152245,"test"
7,200,0.5,-291.880153428425,"train"
7,200,0.5,-306.261533403818,"test"
8,200,0.5,-288.276355647096,"train"
8,200,0.5,-305.510861696028,"test"
9,200,0.5,-284.753985554985,"train"
9,200,0.5,-300.871882876059,"test"
10,200,0.5,-280.310410156814,"train"
10,200,0.5,-304.620635268412,"test"
11,200,0.5,-278.185317892802,"train"
11,200,0.5,-305.227720446526,"test"
12,200,0.5,-275.58563800675,"train"
12,200,0.5,-307.942381494075,"test"
13,200,0.5,-273.325366182247,"train"
13,200,0.5,-309.018475681919,"test"
14,200,0.5,-272.344408536549,"train"
14,200,0.5,-303.45136069101,"test"
15,200,0.5,-270.869086185001,"train"
15,200,0.5,-302.774098745274,"test"
16,200,0.5,-269.464444217215,"train"
16,200,0.5,-302.881596182791,"test"
17,200,0.5,-268.911491788403,"train"
17,200,0.5,-302.634762957596,"test"
18,200,0.5,-268.715069069603,"train"
18,200,0.5,-300.95245553934,"test"
19,200,0.5,-268.54251315732,"train"
19,200,0.5,-299.457405553434,"test"
20,200,0.5,-268.178046686585,"train"
20,200,0.5,-299.88735580611,"test"
21,200,0.5,-267.491920419892,"train"
21,200,0.5,-299.111304067385,"test"
22,200,0.5,-265.582426336956,"train"
22,200,0.5,-297.996047778889,"test"
23,200,0.5,-264.608284296097,"train"
23,200,0.5,-298.577841318509,"test"
24,200,0.5,-263.603110137547,"train"
24,200,0.5,-301.799268508731,"test"
25,200,0.5,-262.41143014793,"train"
25,200,0.5,-301.701273839263,"test"
26,200,0.5,-261.978862087413,"train"
26,200,0.5,-301.739490250385,"test"
27,200,0.5,-260.586166136087,"train"
27,200,0.5,-304.583925145324,"test"
28,200,0.5,-260.331387307649,"train"
28,200,0.5,-303.451544071911,"test"
29,200,0.5,-260.091750284238,"train"
29,200,0.5,-302.886296021846,"test"
30,200,0.5,-259.214548194987,"train"
30,200,0.5,-305.334665019074,"test"
31,200,0.5,-258.622417648169,"train"
31,200,0.5,-306.977493920011,"test"
32,200,0.5,-258.519698867457,"train"
32,200,0.5,-307.195648264205,"test"
33,200,0.5,-257.586412785708,"train"
33,200,0.5,-307.074810755474,"test"
34,200,0.5,-257.585332847325,"train"
34,200,0.5,-306.824268032344,"test"
35,200,0.5,-257.193407517405,"train"
35,200,0.5,-305.026587327588,"test"
36,200,0.5,-256.790673676905,"train"
36,200,0.5,-305.828030054492,"test"
37,200,0.5,-256.189891646504,"train"
37,200,0.5,-306.083981312088,"test"
38,200,0.5,-255.137465759247,"train"
38,200,0.5,-306.932667887572,"test"
39,200,0.5,-254.924960520884,"train"
39,200,0.5,-306.649579125201,"test"
40,200,0.5,-255.112903329649,"train"
40,200,0.5,-306.947262677716,"test"
41,200,0.5,-254.633737026128,"train"
41,200,0.5,-307.573206602972,"test"
42,200,0.5,-254.088350990199,"train"
42,200,0.5,-307.203361375594,"test"
43,200,0.5,-254.185642152237,"train"
43,200,0.5,-307.735301244809,"test"
44,200,0.5,-253.589556710457,"train"
44,200,0.5,-307.580527101245,"test"
45,200,0.5,-253.885843111842,"train"
45,200,0.5,-307.654588698926,"test"
46,200,0.5,-253.864745866782,"train"
46,200,0.5,-307.290308323402,"test"
47,200,0.5,-253.860868711818,"train"
47,200,0.5,-307.102472500036,"test"
48,200,0.5,-253.859498902265,"train"
48,200,0.5,-307.570846867038,"test"
49,200,0.5,-254.035101420265,"train"
49,200,0.5,-306.671056914277,"test"
50,200,0.5,-253.983027219544,"train"
50,200,0.5,-306.423672930136,"test"
51,200,0.5,-254.487428467763,"train"
51,200,0.5,-305.867883730325,"test"
52,200,0.5,-254.487417922311,"train"
52,200,0.5,-304.88691390909,"test"
53,200,0.5,-254.569675610903,"train"
53,200,0.5,-304.850417663826,"test"
54,200,0.5,-254.815671063745,"train"
54,200,0.5,-304.321879452341,"test"
55,200,0.5,-254.877053971542,"train"
55,200,0.5,-304.521172850689,"test"
56,200,0.5,-254.384944743251,"train"
56,200,0.5,-304.207355948471,"test"
57,200,0.5,-254.871248968947,"train"
57,200,0.5,-304.024027928285,"test"
58,200,0.5,-255.027153839627,"train"
58,200,0.5,-303.654771609364,"test"
59,200,0.5,-255.062186027975,"train"
59,200,0.5,-303.885169207134,"test"
60,200,0.5,-255.290072326904,"train"
60,200,0.5,-304.16325569001,"test"
61,200,0.5,-255.151778971911,"train"
61,200,0.5,-303.490199280601,"test"
62,200,0.5,-255.364377165067,"train"
62,200,0.5,-303.858531009312,"test"
63,200,0.5,-255.238794536,"train"
63,200,0.5,-303.383736019128,"test"
64,200,0.5,-255.460042568672,"train"
64,200,0.5,-302.853486281525,"test"
65,200,0.5,-255.582212753959,"train"
65,200,0.5,-302.747027743547,"test"
66,200,0.5,-255.815334047717,"train"
66,200,0.5,-302.389613586162,"test"
67,200,0.5,-256.104579513233,"train"
67,200,0.5,-302.025371925942,"test"
68,200,0.5,-256.274648129716,"train"
68,200,0.5,-301.950690474242,"test"
69,200,0.5,-256.275170228874,"train"
69,200,0.5,-302.102080510258,"test"
70,200,0.5,-256.365525879015,"train"
70,200,0.5,-301.618173830721,"test"
71,200,0.5,-256.615873143762,"train"
71,200,0.5,-302.263765991547,"test"
72,200,0.5,-256.435636913889,"train"
72,200,0.5,-302.742036376112,"test"
73,200,0.5,-256.397724668621,"train"
73,200,0.5,-302.734227041208,"test"
74,200,0.5,-256.514590601167,"train"
74,200,0.5,-303.067244800435,"test"
75,200,0.5,-256.684490563583,"train"
75,200,0.5,-302.706333348835,"test"
76,200,0.5,-256.908162931307,"train"
76,200,0.5,-302.506052266377,"test"
77,200,0.5,-256.969105134354,"train"
77,200,0.5,-302.569143996841,"test"
78,200,0.5,-257.352045525777,"train"
78,200,0.5,-302.433117931374,"test"
79,200,0.5,-257.432938495779,"train"
79,200,0.5,-302.330529889857,"test"
80,200,0.5,-258.042568578251,"train"
80,200,0.5,-302.058773367158,"test"
81,200,0.5,-257.887962277026,"train"
81,200,0.5,-302.241741822737,"test"
82,200,0.5,-258.395014546045,"train"
82,200,0.5,-301.861309670353,"test"
83,200,0.5,-258.494465607287,"train"
83,200,0.5,-302.417464289069,"test"
84,200,0.5,-258.28559782589,"train"
84,200,0.5,-302.090888699587,"test"
85,200,0.5,-258.520107280973,"train"
85,200,0.5,-301.818982024325,"test"
86,200,0.5,-258.574052586567,"train"
86,200,0.5,-302.337060971304,"test"
87,200,0.5,-258.693563175155,"train"
87,200,0.5,-302.055745978402,"test"
88,200,0.5,-259.00494402382,"train"
88,200,0.5,-301.785510907015,"test"
89,200,0.5,-259.182126483106,"train"
89,200,0.5,-301.797821548755,"test"
90,200,0.5,-259.397369187449,"train"
90,200,0.5,-301.549243632575,"test"
91,200,0.5,-259.781061372753,"train"
91,200,0.5,-301.724623362168,"test"
92,200,0.5,-259.853099976955,"train"
92,200,0.5,-301.612349100943,"test"
93,200,0.5,-260.170342589055,"train"
93,200,0.5,-301.542945124809,"test"
94,200,0.5,-260.284374480138,"train"
94,200,0.5,-301.909396740157,"test"
95,200,0.5,-260.409637057276,"train"
95,200,0.5,-301.535251644318,"test"
96,200,0.5,-260.605700762253,"train"
96,200,0.5,-301.642657097697,"test"
97,200,0.5,-260.875517504777,"train"
97,200,0.5,-301.695968514594,"test"
98,200,0.5,-260.950789162321,"train"
98,200,0.5,-301.539914040403,"test"
99,200,0.5,-261.236356704756,"train"
99,200,0.5,-301.47064018474,"test"
100,200,0.5,-261.565190462139,"train"
100,200,0.5,-301.543292308103,"test"
0,200,0.9,-391.209169702841,"train"
0,200,0.9,-411.865848508667,"test"
1,200,0.9,-318.027507701904,"train"
1,200,0.9,-348.596956083168,"test"
2,200,0.9,-290.379191343001,"train"
2,200,0.9,-314.386230858184,"test"
3,200,0.9,-284.35420159556,"train"
3,200,0.9,-308.804933322063,"test"
4,200,0.9,-279.349919279945,"train"
4,200,0.9,-311.025018171019,"test"
5,200,0.9,-275.691868558644,"train"
5,200,0.9,-303.006298905584,"test"
6,200,0.9,-273.835167097944,"train"
6,200,0.9,-299.558441106994,"test"
7,200,0.9,-272.924686082799,"train"
7,200,0.9,-294.99704793944,"test"
8,200,0.9,-272.367275832149,"train"
8,200,0.9,-294.466471811883,"test"
9,200,0.9,-271.087150812065,"train"
9,200,0.9,-296.85671347474,"test"
10,200,0.9,-269.964587856897,"train"
10,200,0.9,-300.390372110805,"test"
11,200,0.9,-268.610612149695,"train"
11,200,0.9,-301.736347973035,"test"
12,200,0.9,-267.540133124081,"train"
12,200,0.9,-302.018789176792,"test"
13,200,0.9,-267.082923540834,"train"
13,200,0.9,-302.470791627322,"test"
14,200,0.9,-266.530803114002,"train"
14,200,0.9,-302.882976637633,"test"
15,200,0.9,-263.76796566553,"train"
15,200,0.9,-305.520040424428,"test"
16,200,0.9,-263.013836874208,"train"
16,200,0.9,-307.749554290262,"test"
17,200,0.9,-263.003853236648,"train"
17,200,0.9,-307.015434105957,"test"
18,200,0.9,-262.650116379924,"train"
18,200,0.9,-307.8685494118,"test"
19,200,0.9,-262.640345962066,"train"
19,200,0.9,-306.874803200935,"test"
20,200,0.9,-262.243016335976,"train"
20,200,0.9,-307.440852163676,"test"
21,200,0.9,-262.26582267785,"train"
21,200,0.9,-307.319015219957,"test"
22,200,0.9,-262.162201797172,"train"
22,200,0.9,-307.716042787921,"test"
23,200,0.9,-262.013941231291,"train"
23,200,0.9,-308.501079119928,"test"
24,200,0.9,-262.303280860804,"train"
24,200,0.9,-307.786820979182,"test"
25,200,0.9,-262.438548731045,"train"
25,200,0.9,-307.670155454156,"test"
26,200,0.9,-262.337007700245,"train"
26,200,0.9,-307.463504347369,"test"
27,200,0.9,-262.3078582842,"train"
27,200,0.9,-307.863766273555,"test"
28,200,0.9,-262.462478139721,"train"
28,200,0.9,-307.632658162518,"test"
29,200,0.9,-262.173113849021,"train"
29,200,0.9,-306.773574152143,"test"
30,200,0.9,-261.194403397224,"train"
30,200,0.9,-307.844117778358,"test"
31,200,0.9,-261.346189020415,"train"
31,200,0.9,-308.325195910471,"test"
32,200,0.9,-261.145075367615,"train"
32,200,0.9,-308.192095730331,"test"
33,200,0.9,-261.341305917574,"train"
33,200,0.9,-308.006627072039,"test"
34,200,0.9,-261.304779036133,"train"
34,200,0.9,-308.03328212586,"test"
35,200,0.9,-260.336509659751,"train"
35,200,0.9,-308.401537138549,"test"
36,200,0.9,-260.472294096263,"train"
36,200,0.9,-307.328806585371,"test"
37,200,0.9,-260.513370084187,"train"
37,200,0.9,-307.567604497047,"test"
38,200,0.9,-259.951890999593,"train"
38,200,0.9,-306.924373832735,"test"
39,200,0.9,-260.114664427853,"train"
39,200,0.9,-306.576826228313,"test"
40,200,0.9,-260.248625022862,"train"
40,200,0.9,-306.176575219298,"test"
41,200,0.9,-260.261241997264,"train"
41,200,0.9,-306.449997212278,"test"
42,200,0.9,-259.634990367436,"train"
42,200,0.9,-306.84045409789,"test"
43,200,0.9,-259.941537801232,"train"
43,200,0.9,-306.384038872764,"test"
44,200,0.9,-260.044275512524,"train"
44,200,0.9,-306.008813477372,"test"
45,200,0.9,-260.020958670719,"train"
45,200,0.9,-306.656987942017,"test"
46,200,0.9,-259.673609266741,"train"
46,200,0.9,-306.465114483662,"test"
47,200,0.9,-259.893129324703,"train"
47,200,0.9,-306.344463365386,"test"
48,200,0.9,-259.355474082946,"train"
48,200,0.9,-305.797214704856,"test"
49,200,0.9,-259.695137506015,"train"
49,200,0.9,-305.493942976657,"test"
50,200,0.9,-259.081609826894,"train"
50,200,0.9,-304.739747507442,"test"
51,200,0.9,-259.329234855465,"train"
51,200,0.9,-304.766720420085,"test"
52,200,0.9,-259.441341833697,"train"
52,200,0.9,-305.086994523089,"test"
53,200,0.9,-259.160626524748,"train"
53,200,0.9,-305.076171999768,"test"
54,200,0.9,-259.320994549803,"train"
54,200,0.9,-304.696322362011,"test"
55,200,0.9,-259.320630420162,"train"
55,200,0.9,-304.991535831352,"test"
56,200,0.9,-259.575149725827,"train"
56,200,0.9,-304.492781605341,"test"
57,200,0.9,-259.485872580856,"train"
57,200,0.9,-304.714357928508,"test"
58,200,0.9,-259.946205053251,"train"
58,200,0.9,-304.57198115931,"test"
59,200,0.9,-259.891811827618,"train"
59,200,0.9,-304.599094258654,"test"
60,200,0.9,-259.631317995185,"train"
60,200,0.9,-304.837578075437,"test"
61,200,0.9,-259.725657270314,"train"
61,200,0.9,-304.82500544082,"test"
62,200,0.9,-259.920275527968,"train"
62,200,0.9,-304.642080855428,"test"
63,200,0.9,-259.975578897769,"train"
63,200,0.9,-304.823851893996,"test"
64,200,0.9,-259.981556372679,"train"
64,200,0.9,-304.721326101635,"test"
65,200,0.9,-260.249572822064,"train"
65,200,0.9,-304.477531886778,"test"
66,200,0.9,-260.207278934968,"train"
66,200,0.9,-304.507836099519,"test"
67,200,0.9,-260.451150344858,"train"
67,200,0.9,-304.620869550069,"test"
68,200,0.9,-260.40497468161,"train"
68,200,0.9,-304.297084485897,"test"
69,200,0.9,-260.300628120825,"train"
69,200,0.9,-303.999789522856,"test"
70,200,0.9,-260.240396047816,"train"
70,200,0.9,-304.237986147454,"test"
71,200,0.9,-260.320713013041,"train"
71,200,0.9,-304.404065402383,"test"
72,200,0.9,-260.572564217006,"train"
72,200,0.9,-304.10858845603,"test"
73,200,0.9,-260.573960058683,"train"
73,200,0.9,-304.276845476361,"test"
74,200,0.9,-260.644940565228,"train"
74,200,0.9,-304.172080318681,"test"
75,200,0.9,-260.783188072686,"train"
75,200,0.9,-304.51100489777,"test"
76,200,0.9,-260.729196077347,"train"
76,200,0.9,-304.455399490555,"test"
77,200,0.9,-260.971165587464,"train"
77,200,0.9,-304.750428139047,"test"
78,200,0.9,-261.130486239463,"train"
78,200,0.9,-304.355621258864,"test"
79,200,0.9,-261.223271553691,"train"
79,200,0.9,-304.386051114472,"test"
80,200,0.9,-261.225875702159,"train"
80,200,0.9,-304.47982880249,"test"
81,200,0.9,-261.097785592778,"train"
81,200,0.9,-304.135879997241,"test"
82,200,0.9,-261.424740630762,"train"
82,200,0.9,-304.4700865998,"test"
83,200,0.9,-261.258543401544,"train"
83,200,0.9,-304.263447814505,"test"
84,200,0.9,-261.459254759858,"train"
84,200,0.9,-304.40331044496,"test"
85,200,0.9,-261.65656449692,"train"
85,200,0.9,-304.423502846229,"test"
86,200,0.9,-261.619322367739,"train"
86,200,0.9,-304.399013706844,"test"
87,200,0.9,-261.821093518091,"train"
87,200,0.9,-304.413111604562,"test"
88,200,0.9,-261.841378349934,"train"
88,200,0.9,-304.463284181466,"test"
89,200,0.9,-261.973491204962,"train"
89,200,0.9,-304.17321589194,"test"
90,200,0.9,-262.23942637639,"train"
90,200,0.9,-304.422221084014,"test"
91,200,0.9,-262.102855479531,"train"
91,200,0.9,-304.135181271389,"test"
92,200,0.9,-262.30034014975,"train"
92,200,0.9,-304.262612996606,"test"
93,200,0.9,-262.419995887301,"train"
93,200,0.9,-304.312024989696,"test"
94,200,0.9,-262.518422174071,"train"
94,200,0.9,-304.205592436038,"test"
95,200,0.9,-262.509067541863,"train"
95,200,0.9,-304.49701068718,"test"
96,200,0.9,-262.817303440798,"train"
96,200,0.9,-304.057642089256,"test"
97,200,0.9,-262.823807018792,"train"
97,200,0.9,-304.038147223809,"test"
98,200,0.9,-262.859064371161,"train"
98,200,0.9,-304.181598164381,"test"
99,200,0.9,-263.05812772705,"train"
99,200,0.9,-304.068678855255,"test"
100,200,0.9,-263.188889136043,"train"
100,200,0.9,-304.120402213532,"test"
0,500,0,-1003.50623259982,"train"
0,500,0,-976.491352463691,"test"
1,500,0,-974.970904387319,"train"
1,500,0,-945.836083783623,"test"
2,500,0,-941.60451628757,"train"
2,500,0,-921.967494183041,"test"
3,500,0,-906.904701601249,"train"
3,500,0,-903.543349185155,"test"
4,500,0,-864.223191340005,"train"
4,500,0,-867.103040522527,"test"
5,500,0,-818.818749642823,"train"
5,500,0,-815.004768311424,"test"
6,500,0,-799.38654631403,"train"
6,500,0,-791.210475988045,"test"
7,500,0,-783.187087024947,"train"
7,500,0,-772.741448823339,"test"
8,500,0,-768.759818941837,"train"
8,500,0,-748.593755311994,"test"
9,500,0,-753.614809896246,"train"
9,500,0,-736.825066233508,"test"
10,500,0,-743.097515139415,"train"
10,500,0,-730.026550299393,"test"
11,500,0,-734.519208859,"train"
11,500,0,-709.791175933286,"test"
12,500,0,-728.417212381262,"train"
12,500,0,-705.80602046757,"test"
13,500,0,-722.862267753616,"train"
13,500,0,-704.168436079767,"test"
14,500,0,-717.519108124762,"train"
14,500,0,-698.284244552195,"test"
15,500,0,-714.290007932816,"train"
15,500,0,-698.509634751507,"test"
16,500,0,-710.850786782478,"train"
16,500,0,-697.389210633909,"test"
17,500,0,-708.075797112886,"train"
17,500,0,-696.88867092338,"test"
18,500,0,-705.81310928871,"train"
18,500,0,-695.663339596044,"test"
19,500,0,-703.200703773672,"train"
19,500,0,-695.313122690859,"test"
20,500,0,-701.21566053629,"train"
20,500,0,-696.354491554796,"test"
21,500,0,-699.737822970279,"train"
21,500,0,-698.410982194213,"test"
22,500,0,-698.12136317114,"train"
22,500,0,-698.736109716465,"test"
23,500,0,-697.077475226661,"train"
23,500,0,-700.183348902734,"test"
24,500,0,-695.631450896328,"train"
24,500,0,-704.897885791213,"test"
25,500,0,-694.659783012737,"train"
25,500,0,-706.340721245926,"test"
26,500,0,-693.70597613045,"train"
26,500,0,-707.748385208328,"test"
27,500,0,-692.570783281383,"train"
27,500,0,-707.841100724123,"test"
28,500,0,-691.326041838748,"train"
28,500,0,-707.799850278655,"test"
29,500,0,-690.68541159051,"train"
29,500,0,-707.150468322607,"test"
30,500,0,-689.946045680806,"train"
30,500,0,-707.330800158218,"test"
31,500,0,-689.088972294262,"train"
31,500,0,-707.296330346315,"test"
32,500,0,-688.170843727286,"train"
32,500,0,-710.150845316833,"test"
33,500,0,-687.849554861766,"train"
33,500,0,-710.027216558126,"test"
34,500,0,-686.94383898284,"train"
34,500,0,-711.224387363166,"test"
35,500,0,-686.484341468846,"train"
35,500,0,-712.244547420582,"test"
36,500,0,-686.203788449561,"train"
36,500,0,-713.19116237204,"test"
37,500,0,-686.039680840005,"train"
37,500,0,-711.961700170979,"test"
38,500,0,-685.745320866733,"train"
38,500,0,-712.088449258334,"test"
39,500,0,-685.500763769695,"train"
39,500,0,-713.492902031698,"test"
40,500,0,-684.799473070501,"train"
40,500,0,-714.344380822666,"test"
41,500,0,-684.498515629169,"train"
41,500,0,-714.675876217904,"test"
42,500,0,-684.257066513716,"train"
42,500,0,-715.80095256047,"test"
43,500,0,-683.761727636232,"train"
43,500,0,-716.585556836908,"test"
44,500,0,-683.630191102139,"train"
44,500,0,-716.600739611448,"test"
45,500,0,-683.105031386365,"train"
45,500,0,-717.444171621508,"test"
46,500,0,-682.770822437027,"train"
46,500,0,-717.482886906331,"test"
47,500,0,-682.506144327314,"train"
47,500,0,-717.84210428862,"test"
48,500,0,-682.387299836595,"train"
48,500,0,-717.692268896411,"test"
49,500,0,-681.909335317562,"train"
49,500,0,-717.314565271436,"test"
50,500,0,-681.867957858801,"train"
50,500,0,-718.15139673612,"test"
51,500,0,-681.965775292928,"train"
51,500,0,-717.608405229692,"test"
52,500,0,-681.76096876562,"train"
52,500,0,-717.10935163559,"test"
53,500,0,-681.821955841902,"train"
53,500,0,-716.314092985854,"test"
54,500,0,-681.894743568372,"train"
54,500,0,-715.081217462708,"test"
55,500,0,-681.724456046864,"train"
55,500,0,-715.861099034454,"test"
56,500,0,-681.694699385568,"train"
56,500,0,-716.32532535892,"test"
57,500,0,-681.686037738111,"train"
57,500,0,-715.855377265536,"test"
58,500,0,-681.600248068251,"train"
58,500,0,-715.87022047452,"test"
59,500,0,-681.616318778299,"train"
59,500,0,-716.838165004513,"test"
60,500,0,-681.71622294606,"train"
60,500,0,-717.205196546396,"test"
61,500,0,-681.878152996801,"train"
61,500,0,-717.442536551126,"test"
62,500,0,-681.990432682116,"train"
62,500,0,-716.678499802556,"test"
63,500,0,-681.999763535182,"train"
63,500,0,-716.52019720914,"test"
64,500,0,-682.148226666743,"train"
64,500,0,-716.793056663338,"test"
65,500,0,-682.20968400189,"train"
65,500,0,-717.243201190374,"test"
66,500,0,-682.325614051389,"train"
66,500,0,-717.576692498629,"test"
67,500,0,-682.154890688868,"train"
67,500,0,-717.617699332594,"test"
68,500,0,-682.293851536468,"train"
68,500,0,-718.449508324951,"test"
69,500,0,-682.342218963863,"train"
69,500,0,-718.599161862283,"test"
70,500,0,-682.475608403984,"train"
70,500,0,-719.401295739544,"test"
71,500,0,-682.463824496423,"train"
71,500,0,-718.888969874758,"test"
72,500,0,-682.366881941081,"train"
72,500,0,-718.830637304073,"test"
73,500,0,-682.674683725263,"train"
73,500,0,-718.623753789607,"test"
74,500,0,-682.921734934426,"train"
74,500,0,-718.035445685467,"test"
75,500,0,-683.092879541339,"train"
75,500,0,-718.524240557705,"test"
76,500,0,-683.159561304675,"train"
76,500,0,-718.414671812954,"test"
77,500,0,-683.336893522107,"train"
77,500,0,-718.521025570696,"test"
78,500,0,-683.498758241368,"train"
78,500,0,-718.170054578872,"test"
79,500,0,-683.684894365064,"train"
79,500,0,-718.2148947779,"test"
80,500,0,-684.053239067659,"train"
80,500,0,-718.173706051621,"test"
81,500,0,-684.058102718463,"train"
81,500,0,-718.132506028623,"test"
82,500,0,-684.168508510328,"train"
82,500,0,-718.109256427893,"test"
83,500,0,-684.398419833597,"train"
83,500,0,-718.135357696265,"test"
84,500,0,-684.767695204816,"train"
84,500,0,-718.068469166479,"test"
85,500,0,-684.930074135744,"train"
85,500,0,-718.307808493948,"test"
86,500,0,-685.188811448563,"train"
86,500,0,-717.896905798673,"test"
87,500,0,-685.414491691663,"train"
87,500,0,-717.788372773404,"test"
88,500,0,-685.542957268887,"train"
88,500,0,-717.834343469375,"test"
89,500,0,-686.030135354114,"train"
89,500,0,-717.461499174759,"test"
90,500,0,-686.115698396774,"train"
90,500,0,-717.632019619635,"test"
91,500,0,-686.179383157574,"train"
91,500,0,-717.786280929584,"test"
92,500,0,-686.526445946898,"train"
92,500,0,-717.764698269762,"test"
93,500,0,-686.723562535289,"train"
93,500,0,-717.34389536041,"test"
94,500,0,-686.843724699281,"train"
94,500,0,-717.683517433807,"test"
95,500,0,-687.104633390741,"train"
95,500,0,-717.666169271696,"test"
96,500,0,-687.199483188875,"train"
96,500,0,-717.443320914906,"test"
97,500,0,-687.681636893119,"train"
97,500,0,-717.54143894651,"test"
98,500,0,-687.556472662603,"train"
98,500,0,-717.71218896796,"test"
99,500,0,-687.872783622507,"train"
99,500,0,-717.842156195172,"test"
100,500,0,-687.954030743895,"train"
100,500,0,-717.313313861632,"test"
0,500,0.5,-1012.42164788163,"train"
0,500,0.5,-1006.37364892004,"test"
1,500,0.5,-895.711651979504,"train"
1,500,0.5,-913.869779043789,"test"
2,500,0.5,-847.797623080653,"train"
2,500,0.5,-861.53579302624,"test"
3,500,0.5,-801.258111035278,"train"
3,500,0.5,-809.986868630373,"test"
4,500,0.5,-774.263205113358,"train"
4,500,0.5,-784.906901910061,"test"
5,500,0.5,-759.180153659028,"train"
5,500,0.5,-771.910340825741,"test"
6,500,0.5,-744.100404447457,"train"
6,500,0.5,-748.785664873492,"test"
7,500,0.5,-732.120628307606,"train"
7,500,0.5,-740.020811059466,"test"
8,500,0.5,-724.423976007406,"train"
8,500,0.5,-731.222442163983,"test"
9,500,0.5,-717.916972862816,"train"
9,500,0.5,-716.835438079448,"test"
10,500,0.5,-712.880372709938,"train"
10,500,0.5,-710.672283552874,"test"
11,500,0.5,-708.999794014079,"train"
11,500,0.5,-717.163245800371,"test"
12,500,0.5,-705.845205821693,"train"
12,500,0.5,-717.60376030034,"test"
13,500,0.5,-703.370124947519,"train"
13,500,0.5,-713.068384156893,"test"
14,500,0.5,-701.80853828836,"train"
14,500,0.5,-711.973443507971,"test"
15,500,0.5,-700.174842258975,"train"
15,500,0.5,-713.638315660561,"test"
16,500,0.5,-699.123436383052,"train"
16,500,0.5,-715.17563672634,"test"
17,500,0.5,-697.803975206499,"train"
17,500,0.5,-718.176114753545,"test"
18,500,0.5,-695.884069044439,"train"
18,500,0.5,-719.183967523734,"test"
19,500,0.5,-694.617363464861,"train"
19,500,0.5,-720.056120471884,"test"
20,500,0.5,-694.038292693041,"train"
20,500,0.5,-720.980503528282,"test"
21,500,0.5,-692.715959892858,"train"
21,500,0.5,-722.577526607828,"test"
22,500,0.5,-691.958533936514,"train"
22,500,0.5,-724.63145596141,"test"
23,500,0.5,-691.059961829237,"train"
23,500,0.5,-726.17450679747,"test"
24,500,0.5,-690.447088102414,"train"
24,500,0.5,-726.830991731274,"test"
25,500,0.5,-690.309580840912,"train"
25,500,0.5,-725.101491913272,"test"
26,500,0.5,-689.573573148239,"train"
26,500,0.5,-726.194196056253,"test"
27,500,0.5,-688.848002694275,"train"
27,500,0.5,-726.757519732789,"test"
28,500,0.5,-688.511831773222,"train"
28,500,0.5,-726.398387324344,"test"
29,500,0.5,-687.690514449893,"train"
29,500,0.5,-727.408032760487,"test"
30,500,0.5,-687.030852684368,"train"
30,500,0.5,-726.334724542787,"test"
31,500,0.5,-686.129881411858,"train"
31,500,0.5,-727.081558806814,"test"
32,500,0.5,-684.129653108352,"train"
32,500,0.5,-729.216226692062,"test"
33,500,0.5,-683.970587879855,"train"
33,500,0.5,-728.774410331147,"test"
34,500,0.5,-683.729742799559,"train"
34,500,0.5,-729.681940836827,"test"
35,500,0.5,-683.478600563111,"train"
35,500,0.5,-729.966162445517,"test"
36,500,0.5,-683.359146559802,"train"
36,500,0.5,-730.546299498335,"test"
37,500,0.5,-683.011379846877,"train"
37,500,0.5,-729.161241802823,"test"
38,500,0.5,-682.994743065128,"train"
38,500,0.5,-728.684186811595,"test"
39,500,0.5,-682.611333798413,"train"
39,500,0.5,-729.881704186045,"test"
40,500,0.5,-681.75111536743,"train"
40,500,0.5,-729.56257632034,"test"
41,500,0.5,-681.128328628931,"train"
41,500,0.5,-730.162132395796,"test"
42,500,0.5,-680.862540774169,"train"
42,500,0.5,-729.571908031401,"test"
43,500,0.5,-680.166711496498,"train"
43,500,0.5,-728.087470432088,"test"
44,500,0.5,-679.917811310036,"train"
44,500,0.5,-727.42469652991,"test"
45,500,0.5,-679.893639741234,"train"
45,500,0.5,-727.880479049432,"test"
46,500,0.5,-679.486516548513,"train"
46,500,0.5,-726.96326325329,"test"
47,500,0.5,-679.375237636942,"train"
47,500,0.5,-726.298227683132,"test"
48,500,0.5,-679.270982467324,"train"
48,500,0.5,-726.061934885858,"test"
49,500,0.5,-679.001092555778,"train"
49,500,0.5,-726.825461333757,"test"
50,500,0.5,-678.64239773027,"train"
50,500,0.5,-725.558114618747,"test"
51,500,0.5,-678.527946971163,"train"
51,500,0.5,-725.27021883801,"test"
52,500,0.5,-677.834151625628,"train"
52,500,0.5,-725.603293907859,"test"
53,500,0.5,-677.892937056639,"train"
53,500,0.5,-726.238436599062,"test"
54,500,0.5,-677.385148644551,"train"
54,500,0.5,-725.628374597803,"test"
55,500,0.5,-677.44519384048,"train"
55,500,0.5,-724.152121764321,"test"
56,500,0.5,-677.326196905709,"train"
56,500,0.5,-724.997435066463,"test"
57,500,0.5,-677.282213832816,"train"
57,500,0.5,-724.815383951988,"test"
58,500,0.5,-677.191547030604,"train"
58,500,0.5,-724.12655028326,"test"
59,500,0.5,-677.300413865004,"train"
59,500,0.5,-723.870101742491,"test"
60,500,0.5,-677.278495636832,"train"
60,500,0.5,-724.389644041574,"test"
61,500,0.5,-677.438065384334,"train"
61,500,0.5,-724.532984527789,"test"
62,500,0.5,-676.957758188671,"train"
62,500,0.5,-724.657652108411,"test"
63,500,0.5,-676.874733305289,"train"
63,500,0.5,-725.143495379087,"test"
64,500,0.5,-677.012578470776,"train"
64,500,0.5,-724.835918769271,"test"
65,500,0.5,-676.800662167514,"train"
65,500,0.5,-725.789165537909,"test"
66,500,0.5,-676.983374129112,"train"
66,500,0.5,-725.815813472555,"test"
67,500,0.5,-677.070347847892,"train"
67,500,0.5,-725.939302705854,"test"
68,500,0.5,-676.921791317893,"train"
68,500,0.5,-726.376951313627,"test"
69,500,0.5,-677.109741059372,"train"
69,500,0.5,-725.988705728182,"test"
70,500,0.5,-677.006230799885,"train"
70,500,0.5,-725.822513782212,"test"
71,500,0.5,-676.727312132167,"train"
71,500,0.5,-725.828567321506,"test"
72,500,0.5,-676.870608042964,"train"
72,500,0.5,-725.531051451091,"test"
73,500,0.5,-676.935305058704,"train"
73,500,0.5,-725.232234006659,"test"
74,500,0.5,-676.924001402344,"train"
74,500,0.5,-725.463330550924,"test"
75,500,0.5,-677.083991752052,"train"
75,500,0.5,-725.655120022718,"test"
76,500,0.5,-677.123063793831,"train"
76,500,0.5,-726.026138854215,"test"
77,500,0.5,-677.152255472573,"train"
77,500,0.5,-726.034721079674,"test"
78,500,0.5,-677.316761952192,"train"
78,500,0.5,-725.990580990517,"test"
79,500,0.5,-677.32950412222,"train"
79,500,0.5,-726.585993705738,"test"
80,500,0.5,-677.449317606962,"train"
80,500,0.5,-726.140571988411,"test"
81,500,0.5,-677.542118174702,"train"
81,500,0.5,-725.894026926222,"test"
82,500,0.5,-677.578498300979,"train"
82,500,0.5,-726.010991374666,"test"
83,500,0.5,-677.861595106248,"train"
83,500,0.5,-726.013000816536,"test"
84,500,0.5,-678.135696686598,"train"
84,500,0.5,-725.712087244118,"test"
85,500,0.5,-678.266233428137,"train"
85,500,0.5,-725.677143110719,"test"
86,500,0.5,-678.188389148755,"train"
86,500,0.5,-725.466253204873,"test"
87,500,0.5,-678.366747098059,"train"
87,500,0.5,-725.544979620997,"test"
88,500,0.5,-678.457473670845,"train"
88,500,0.5,-725.233347424296,"test"
89,500,0.5,-678.711996791107,"train"
89,500,0.5,-725.280511553045,"test"
90,500,0.5,-678.940555388241,"train"
90,500,0.5,-725.550506582944,"test"
91,500,0.5,-678.987473437446,"train"
91,500,0.5,-725.63639194052,"test"
92,500,0.5,-679.051580290628,"train"
92,500,0.5,-725.532944760241,"test"
93,500,0.5,-679.389800947489,"train"
93,500,0.5,-725.305316342211,"test"
94,500,0.5,-679.377601017832,"train"
94,500,0.5,-725.199895263958,"test"
95,500,0.5,-679.69120686291,"train"
95,500,0.5,-725.075376573795,"test"
96,500,0.5,-679.752676456285,"train"
96,500,0.5,-724.604305764508,"test"
97,500,0.5,-679.941055759984,"train"
97,500,0.5,-725.00525325165,"test"
98,500,0.5,-679.953115938164,"train"
98,500,0.5,-724.849591172495,"test"
99,500,0.5,-680.133766434785,"train"
99,500,0.5,-724.919387203469,"test"
100,500,0.5,-680.223522183432,"train"
100,500,0.5,-724.834074275366,"test"
0,500,0.9,-1011.82322151781,"train"
0,500,0.9,-989.689490826919,"test"
1,500,0.9,-830.84912756648,"train"
1,500,0.9,-837.69278819492,"test"
2,500,0.9,-768.426024158081,"train"
2,500,0.9,-760.55933196147,"test"
3,500,0.9,-738.622830220687,"train"
3,500,0.9,-741.266407798315,"test"
4,500,0.9,-715.43760158135,"train"
4,500,0.9,-722.405854489324,"test"
5,500,0.9,-709.617276199297,"train"
5,500,0.9,-715.213912304225,"test"
6,500,0.9,-704.835023398868,"train"
6,500,0.9,-710.769260013075,"test"
7,500,0.9,-702.24610124272,"train"
7,500,0.9,-706.505215695213,"test"
8,500,0.9,-696.44362179059,"train"
8,500,0.9,-705.718713727358,"test"
9,500,0.9,-694.598566002232,"train"
9,500,0.9,-705.417883187928,"test"
10,500,0.9,-692.349168797855,"train"
10,500,0.9,-703.867120857715,"test"
11,500,0.9,-691.528039361427,"train"
11,500,0.9,-704.486546273948,"test"
12,500,0.9,-691.312977398001,"train"
12,500,0.9,-703.47259786117,"test"
13,500,0.9,-690.618559175883,"train"
13,500,0.9,-703.640665470457,"test"
14,500,0.9,-690.415488394058,"train"
14,500,0.9,-700.983186411818,"test"
15,500,0.9,-689.653941558004,"train"
15,500,0.9,-701.135356723925,"test"
16,500,0.9,-689.169159249304,"train"
16,500,0.9,-701.89862032439,"test"
17,500,0.9,-688.931998477156,"train"
17,500,0.9,-701.64215566318,"test"
18,500,0.9,-688.939856703067,"train"
18,500,0.9,-702.145742357666,"test"
19,500,0.9,-688.546170970748,"train"
19,500,0.9,-701.489948701213,"test"
20,500,0.9,-688.45224797552,"train"
20,500,0.9,-701.700988779734,"test"
21,500,0.9,-688.108248093967,"train"
21,500,0.9,-701.821322870211,"test"
22,500,0.9,-687.968096668616,"train"
22,500,0.9,-701.942837152242,"test"
23,500,0.9,-687.711172159022,"train"
23,500,0.9,-701.170359177834,"test"
24,500,0.9,-687.75798557693,"train"
24,500,0.9,-701.399131093462,"test"
25,500,0.9,-687.566132582382,"train"
25,500,0.9,-701.725041518885,"test"
26,500,0.9,-687.311111558478,"train"
26,500,0.9,-701.17576036829,"test"
27,500,0.9,-687.208696971619,"train"
27,500,0.9,-701.340047124471,"test"
28,500,0.9,-687.245589765429,"train"
28,500,0.9,-700.711605149639,"test"
29,500,0.9,-686.227913958678,"train"
29,500,0.9,-700.91617770518,"test"
30,500,0.9,-685.190558565155,"train"
30,500,0.9,-701.375948344604,"test"
31,500,0.9,-684.539795250905,"train"
31,500,0.9,-702.375363538501,"test"
32,500,0.9,-684.62193037053,"train"
32,500,0.9,-701.957494381232,"test"
33,500,0.9,-684.623037879712,"train"
33,500,0.9,-702.243008371605,"test"
34,500,0.9,-684.820838987894,"train"
34,500,0.9,-701.713866401201,"test"
35,500,0.9,-683.766320862095,"train"
35,500,0.9,-701.615867764553,"test"
36,500,0.9,-683.011186912435,"train"
36,500,0.9,-700.89234475222,"test"
37,500,0.9,-682.626113575972,"train"
37,500,0.9,-700.916003101956,"test"
38,500,0.9,-682.59968013333,"train"
38,500,0.9,-700.357651355076,"test"
39,500,0.9,-682.757567660911,"train"
39,500,0.9,-700.698397544242,"test"
40,500,0.9,-681.958220264387,"train"
40,500,0.9,-700.171241889308,"test"
41,500,0.9,-681.293911723133,"train"
41,500,0.9,-699.932646728465,"test"
42,500,0.9,-680.84792891362,"train"
42,500,0.9,-700.54199093747,"test"
43,500,0.9,-680.592276775076,"train"
43,500,0.9,-699.853912937741,"test"
44,500,0.9,-679.905709933069,"train"
44,500,0.9,-700.428954991601,"test"
45,500,0.9,-679.638594600504,"train"
45,500,0.9,-700.025883373647,"test"
46,500,0.9,-679.110331054292,"train"
46,500,0.9,-700.002141300965,"test"
47,500,0.9,-679.010273363305,"train"
47,500,0.9,-700.252348068458,"test"
48,500,0.9,-678.990822008708,"train"
48,500,0.9,-700.491618746786,"test"
49,500,0.9,-678.968858235637,"train"
49,500,0.9,-700.201120535509,"test"
50,500,0.9,-679.001862489243,"train"
50,500,0.9,-699.922457877298,"test"
51,500,0.9,-679.315019572331,"train"
51,500,0.9,-700.704415666913,"test"
52,500,0.9,-679.196723283292,"train"
52,500,0.9,-700.762607951777,"test"
53,500,0.9,-678.835775448727,"train"
53,500,0.9,-700.810620018444,"test"
54,500,0.9,-678.605813410422,"train"
54,500,0.9,-701.301229850398,"test"
55,500,0.9,-678.724451539719,"train"
55,500,0.9,-701.370060903005,"test"
56,500,0.9,-678.751248773442,"train"
56,500,0.9,-701.622200822778,"test"
57,500,0.9,-678.957257962763,"train"
57,500,0.9,-701.51909695573,"test"
58,500,0.9,-678.85009382569,"train"
58,500,0.9,-701.759272745916,"test"
59,500,0.9,-678.600547435127,"train"
59,500,0.9,-701.681186720563,"test"
60,500,0.9,-678.729583866473,"train"
60,500,0.9,-701.502900064282,"test"
61,500,0.9,-678.878102987463,"train"
61,500,0.9,-701.500482633166,"test"
62,500,0.9,-678.987170629656,"train"
62,500,0.9,-701.395115286058,"test"
63,500,0.9,-678.877007838876,"train"
63,500,0.9,-701.858470617214,"test"
64,500,0.9,-678.861256057843,"train"
64,500,0.9,-702.056062882198,"test"
65,500,0.9,-679.002045743862,"train"
65,500,0.9,-702.042157514309,"test"
66,500,0.9,-678.874950759226,"train"
66,500,0.9,-702.456914470897,"test"
67,500,0.9,-678.870561694974,"train"
67,500,0.9,-702.316637976807,"test"
68,500,0.9,-678.888915493396,"train"
68,500,0.9,-702.441365157181,"test"
69,500,0.9,-678.876295824602,"train"
69,500,0.9,-702.553302282623,"test"
70,500,0.9,-679.131872510587,"train"
70,500,0.9,-702.761529873771,"test"
71,500,0.9,-679.137194943677,"train"
71,500,0.9,-702.837613263265,"test"
72,500,0.9,-679.05947214036,"train"
72,500,0.9,-703.02686579516,"test"
73,500,0.9,-679.14317267152,"train"
73,500,0.9,-702.914054996764,"test"
74,500,0.9,-679.057584359947,"train"
74,500,0.9,-702.940913568686,"test"
75,500,0.9,-679.358257330781,"train"
75,500,0.9,-702.859712384261,"test"
76,500,0.9,-679.374641206764,"train"
76,500,0.9,-702.867019925495,"test"
77,500,0.9,-679.409228223144,"train"
77,500,0.9,-702.982888101674,"test"
78,500,0.9,-679.563572242131,"train"
78,500,0.9,-702.836447343151,"test"
79,500,0.9,-679.726327486046,"train"
79,500,0.9,-702.891750769514,"test"
80,500,0.9,-679.787933967767,"train"
80,500,0.9,-702.962252372832,"test"
81,500,0.9,-679.864977562401,"train"
81,500,0.9,-703.058101665829,"test"
82,500,0.9,-680.016995761285,"train"
82,500,0.9,-703.035111591961,"test"
83,500,0.9,-680.134599948353,"train"
83,500,0.9,-703.194784147687,"test"
84,500,0.9,-680.124027017667,"train"
84,500,0.9,-703.194862203167,"test"
85,500,0.9,-680.185632398196,"train"
85,500,0.9,-703.488892288511,"test"
86,500,0.9,-680.238791010083,"train"
86,500,0.9,-703.295609409009,"test"
87,500,0.9,-680.364673704111,"train"
87,500,0.9,-703.401006639309,"test"
88,500,0.9,-680.415256159439,"train"
88,500,0.9,-703.139535127679,"test"
89,500,0.9,-680.384896140795,"train"
89,500,0.9,-703.187789217614,"test"
90,500,0.9,-680.714356157749,"train"
90,500,0.9,-703.184744909484,"test"
91,500,0.9,-680.626837298132,"train"
91,500,0.9,-703.359392793575,"test"
92,500,0.9,-680.728393587776,"train"
92,500,0.9,-703.193397226544,"test"
93,500,0.9,-680.847621047584,"train"
93,500,0.9,-703.103164897786,"test"
94,500,0.9,-680.80879519733,"train"
94,500,0.9,-703.141128554103,"test"
95,500,0.9,-681.004552626792,"train"
95,500,0.9,-703.056438298714,"test"
96,500,0.9,-681.149473846959,"train"
96,500,0.9,-702.987431059155,"test"
97,500,0.9,-681.261365701411,"train"
97,500,0.9,-703.080154154322,"test"
98,500,0.9,-681.258517276628,"train"
98,500,0.9,-702.917309696812,"test"
99,500,0.9,-681.345898226007,"train"
99,500,0.9,-702.946829496108,"test"
100,500,0.9,-681.300437721297,"train"
100,500,0.9,-702.752806901006,"test"
